{
    "token": "ODE0NDUxOTkxNjI2NjQ1NTQ1.YDeDhg.p6SZ7faVPms_r_1A3CWCtq9S5RQ",
    "prefix": "r!",
    "server": "http://ps.fhgdps.com/rgdpsserver2",
    "customStatus": "RGDPS",
    "commandColour": "FF0000",
    "__Emote Comment__": "These are all the emotes for the bot, you need to set them up yourself if you want the bot to look nice",
    "star": "<:3D_Star:833540283890401330>",
    "diamond": "<:diamond:833540276949745704>",
    "goldCoin": "<:starcoin:833541039709093929>",
    "silverCoin": "<:usercoin:833540249257771049>",
    "demon": "<:harddemon:833541206016786452>",
    "cp": "<:cp:694900098890596402>",
    "mod": "<:mod:833540148494204979>",
    "elderMod": "<:Adminmod:833541479619887114>",
    "leaderboardRank": "<:top2:833541681139286046>",
    "download": "<:download:833542303825002496>",
    "like": "<:like:833540166928302080>",
    "dislike": "<:dislike:833540269646282752>",
    "length": "<:time:833542646492168223>",
    "__Leaderboard Comment__": "These are for the Leaderboard command, the command wont work unless you are logged in. you can find the AccountID using the profile command",
    "leaderboardOn": "1 = Leaderboard on, 0 = Leaderboard off",
    "BotAccountID": "The Bot's accountID",
    "BotPassword": "The password for the bot"
}